created_at	secret_hash	detector_name	matches	source_url	source_name	commit_url	commit_sha	commit_author	author_email	filepath	incident_id	gitguardian_url
2021-05-03 16:31:23+00:00	NdZOYiavt44Hc0w2M1qJ4btcOJ3wcIRHhltB7WVqCD5zJJxU/fKLrZqxYW2nqyoj	FTP URI credentials		https://github.com/InfosecRD/SecretBench	InfosecRD/SecretBench	https://github.com/InfosecRD/SecretBench/commit/7538083424579401ef3c98c266d833e039c24114	7538083424579401ef3c98c266d833e039c24114	Ryan Delaney	ryan.delaney@owasp.org	battery/passwords.c	649553	https://dashboard.gitguardian.com/workspace/112192/incidents/649553
2021-05-03 16:31:23+00:00	NdZOYiavt44Hc0w2M1qJ4btcOJ3wcIRHhltB7WVqCD5zJJxU/fKLrZqxYW2nqyoj	FTP URI credentials		https://github.com/InfosecRD/SecretBench	InfosecRD/SecretBench	https://github.com/InfosecRD/SecretBench/commit/7538083424579401ef3c98c266d833e039c24114	7538083424579401ef3c98c266d833e039c24114	Ryan Delaney	ryan.delaney@owasp.org	battery/passwords.txt	649553	https://dashboard.gitguardian.com/workspace/112192/incidents/649553
2021-05-03 16:31:23+00:00	NdZOYiavt44Hc0w2M1qJ4btcOJ3wcIRHhltB7WVqCD5zJJxU/fKLrZqxYW2nqyoj	FTP URI credentials		https://github.com/InfosecRD/SecretBench	InfosecRD/SecretBench	https://github.com/InfosecRD/SecretBench/commit/7538083424579401ef3c98c266d833e039c24114	7538083424579401ef3c98c266d833e039c24114	Ryan Delaney	ryan.delaney@owasp.org	battery/passwords.sh	649553	https://dashboard.gitguardian.com/workspace/112192/incidents/649553
2021-05-03 16:31:23+00:00	NdZOYiavt44Hc0w2M1qJ4btcOJ3wcIRHhltB7WVqCD5zJJxU/fKLrZqxYW2nqyoj	FTP URI credentials		https://github.com/InfosecRD/SecretBench	InfosecRD/SecretBench	https://github.com/InfosecRD/SecretBench/commit/7538083424579401ef3c98c266d833e039c24114	7538083424579401ef3c98c266d833e039c24114	Ryan Delaney	ryan.delaney@owasp.org	battery/passwords.py	649553	https://dashboard.gitguardian.com/workspace/112192/incidents/649553
2021-05-03 16:31:23+00:00	NdZOYiavt44Hc0w2M1qJ4btcOJ3wcIRHhltB7WVqCD5zJJxU/fKLrZqxYW2nqyoj	FTP URI credentials		https://github.com/InfosecRD/SecretBench	InfosecRD/SecretBench	https://github.com/InfosecRD/SecretBench/commit/7538083424579401ef3c98c266d833e039c24114	7538083424579401ef3c98c266d833e039c24114	Ryan Delaney	ryan.delaney@owasp.org	battery/passwords.ps1	649553	https://dashboard.gitguardian.com/workspace/112192/incidents/649553
2021-05-03 16:31:23+00:00	NdZOYiavt44Hc0w2M1qJ4btcOJ3wcIRHhltB7WVqCD5zJJxU/fKLrZqxYW2nqyoj	FTP URI credentials		https://github.com/InfosecRD/SecretBench	InfosecRD/SecretBench	https://github.com/InfosecRD/SecretBench/commit/7538083424579401ef3c98c266d833e039c24114	7538083424579401ef3c98c266d833e039c24114	Ryan Delaney	ryan.delaney@owasp.org	battery/passwords.js	649553	https://dashboard.gitguardian.com/workspace/112192/incidents/649553
2021-05-03 16:31:23+00:00	NdZOYiavt44Hc0w2M1qJ4btcOJ3wcIRHhltB7WVqCD5zJJxU/fKLrZqxYW2nqyoj	FTP URI credentials		https://github.com/InfosecRD/SecretBench	InfosecRD/SecretBench	https://github.com/InfosecRD/SecretBench/commit/7538083424579401ef3c98c266d833e039c24114	7538083424579401ef3c98c266d833e039c24114	Ryan Delaney	ryan.delaney@owasp.org	battery/passwords.cpp	649553	https://dashboard.gitguardian.com/workspace/112192/incidents/649553
2021-05-03 16:31:23+00:00	stf9WrhwE0kM28wlvCunuW+CA1aaPc7qcdSspUsJVEC3BkROfeuh40iUuZt2nZY1	MongoDB URI		https://github.com/InfosecRD/SecretBench	InfosecRD/SecretBench	https://github.com/InfosecRD/SecretBench/commit/7538083424579401ef3c98c266d833e039c24114	7538083424579401ef3c98c266d833e039c24114	Ryan Delaney	ryan.delaney@owasp.org	battery/passwords.cpp	649552	https://dashboard.gitguardian.com/workspace/112192/incidents/649552
2021-05-03 16:31:23+00:00	stf9WrhwE0kM28wlvCunuW+CA1aaPc7qcdSspUsJVEC3BkROfeuh40iUuZt2nZY1	MongoDB URI		https://github.com/InfosecRD/SecretBench	InfosecRD/SecretBench	https://github.com/InfosecRD/SecretBench/commit/7538083424579401ef3c98c266d833e039c24114	7538083424579401ef3c98c266d833e039c24114	Ryan Delaney	ryan.delaney@owasp.org	battery/passwords.txt	649552	https://dashboard.gitguardian.com/workspace/112192/incidents/649552
2021-05-03 16:31:23+00:00	stf9WrhwE0kM28wlvCunuW+CA1aaPc7qcdSspUsJVEC3BkROfeuh40iUuZt2nZY1	MongoDB URI		https://github.com/InfosecRD/SecretBench	InfosecRD/SecretBench	https://github.com/InfosecRD/SecretBench/commit/7538083424579401ef3c98c266d833e039c24114	7538083424579401ef3c98c266d833e039c24114	Ryan Delaney	ryan.delaney@owasp.org	battery/passwords.sh	649552	https://dashboard.gitguardian.com/workspace/112192/incidents/649552
2021-05-03 16:31:23+00:00	stf9WrhwE0kM28wlvCunuW+CA1aaPc7qcdSspUsJVEC3BkROfeuh40iUuZt2nZY1	MongoDB URI		https://github.com/InfosecRD/SecretBench	InfosecRD/SecretBench	https://github.com/InfosecRD/SecretBench/commit/7538083424579401ef3c98c266d833e039c24114	7538083424579401ef3c98c266d833e039c24114	Ryan Delaney	ryan.delaney@owasp.org	battery/passwords.py	649552	https://dashboard.gitguardian.com/workspace/112192/incidents/649552
2021-05-03 16:31:23+00:00	stf9WrhwE0kM28wlvCunuW+CA1aaPc7qcdSspUsJVEC3BkROfeuh40iUuZt2nZY1	MongoDB URI		https://github.com/InfosecRD/SecretBench	InfosecRD/SecretBench	https://github.com/InfosecRD/SecretBench/commit/7538083424579401ef3c98c266d833e039c24114	7538083424579401ef3c98c266d833e039c24114	Ryan Delaney	ryan.delaney@owasp.org	battery/passwords.c	649552	https://dashboard.gitguardian.com/workspace/112192/incidents/649552
2021-05-03 16:31:23+00:00	stf9WrhwE0kM28wlvCunuW+CA1aaPc7qcdSspUsJVEC3BkROfeuh40iUuZt2nZY1	MongoDB URI		https://github.com/InfosecRD/SecretBench	InfosecRD/SecretBench	https://github.com/InfosecRD/SecretBench/commit/7538083424579401ef3c98c266d833e039c24114	7538083424579401ef3c98c266d833e039c24114	Ryan Delaney	ryan.delaney@owasp.org	battery/passwords.ps1	649552	https://dashboard.gitguardian.com/workspace/112192/incidents/649552
2021-05-03 16:31:23+00:00	stf9WrhwE0kM28wlvCunuW+CA1aaPc7qcdSspUsJVEC3BkROfeuh40iUuZt2nZY1	MongoDB URI		https://github.com/InfosecRD/SecretBench	InfosecRD/SecretBench	https://github.com/InfosecRD/SecretBench/commit/7538083424579401ef3c98c266d833e039c24114	7538083424579401ef3c98c266d833e039c24114	Ryan Delaney	ryan.delaney@owasp.org	battery/passwords.js	649552	https://dashboard.gitguardian.com/workspace/112192/incidents/649552
2021-05-03 16:31:23+00:00	7ExFl5yl3zDdAAbVtVRlQBJbR9g+QyeG2jfDnutpGNLFSYVHfeuh40iUuZt2nZY1	MongoDB URI		https://github.com/InfosecRD/SecretBench	InfosecRD/SecretBench	https://github.com/InfosecRD/SecretBench/commit/7538083424579401ef3c98c266d833e039c24114	7538083424579401ef3c98c266d833e039c24114	Ryan Delaney	ryan.delaney@owasp.org	battery/passwords.cpp	649551	https://dashboard.gitguardian.com/workspace/112192/incidents/649551
2021-05-03 16:31:23+00:00	7ExFl5yl3zDdAAbVtVRlQBJbR9g+QyeG2jfDnutpGNLFSYVHfeuh40iUuZt2nZY1	MongoDB URI		https://github.com/InfosecRD/SecretBench	InfosecRD/SecretBench	https://github.com/InfosecRD/SecretBench/commit/7538083424579401ef3c98c266d833e039c24114	7538083424579401ef3c98c266d833e039c24114	Ryan Delaney	ryan.delaney@owasp.org	battery/passwords.txt	649551	https://dashboard.gitguardian.com/workspace/112192/incidents/649551
2021-05-03 16:31:23+00:00	7ExFl5yl3zDdAAbVtVRlQBJbR9g+QyeG2jfDnutpGNLFSYVHfeuh40iUuZt2nZY1	MongoDB URI		https://github.com/InfosecRD/SecretBench	InfosecRD/SecretBench	https://github.com/InfosecRD/SecretBench/commit/7538083424579401ef3c98c266d833e039c24114	7538083424579401ef3c98c266d833e039c24114	Ryan Delaney	ryan.delaney@owasp.org	battery/passwords.sh	649551	https://dashboard.gitguardian.com/workspace/112192/incidents/649551
2021-05-03 16:31:23+00:00	7ExFl5yl3zDdAAbVtVRlQBJbR9g+QyeG2jfDnutpGNLFSYVHfeuh40iUuZt2nZY1	MongoDB URI		https://github.com/InfosecRD/SecretBench	InfosecRD/SecretBench	https://github.com/InfosecRD/SecretBench/commit/7538083424579401ef3c98c266d833e039c24114	7538083424579401ef3c98c266d833e039c24114	Ryan Delaney	ryan.delaney@owasp.org	battery/passwords.py	649551	https://dashboard.gitguardian.com/workspace/112192/incidents/649551
2021-05-03 16:31:23+00:00	7ExFl5yl3zDdAAbVtVRlQBJbR9g+QyeG2jfDnutpGNLFSYVHfeuh40iUuZt2nZY1	MongoDB URI		https://github.com/InfosecRD/SecretBench	InfosecRD/SecretBench	https://github.com/InfosecRD/SecretBench/commit/7538083424579401ef3c98c266d833e039c24114	7538083424579401ef3c98c266d833e039c24114	Ryan Delaney	ryan.delaney@owasp.org	battery/passwords.ps1	649551	https://dashboard.gitguardian.com/workspace/112192/incidents/649551
2021-05-03 16:31:23+00:00	7ExFl5yl3zDdAAbVtVRlQBJbR9g+QyeG2jfDnutpGNLFSYVHfeuh40iUuZt2nZY1	MongoDB URI		https://github.com/InfosecRD/SecretBench	InfosecRD/SecretBench	https://github.com/InfosecRD/SecretBench/commit/7538083424579401ef3c98c266d833e039c24114	7538083424579401ef3c98c266d833e039c24114	Ryan Delaney	ryan.delaney@owasp.org	battery/passwords.js	649551	https://dashboard.gitguardian.com/workspace/112192/incidents/649551
2021-05-03 16:31:23+00:00	7ExFl5yl3zDdAAbVtVRlQBJbR9g+QyeG2jfDnutpGNLFSYVHfeuh40iUuZt2nZY1	MongoDB URI		https://github.com/InfosecRD/SecretBench	InfosecRD/SecretBench	https://github.com/InfosecRD/SecretBench/commit/7538083424579401ef3c98c266d833e039c24114	7538083424579401ef3c98c266d833e039c24114	Ryan Delaney	ryan.delaney@owasp.org	battery/passwords.c	649551	https://dashboard.gitguardian.com/workspace/112192/incidents/649551
2021-05-03 16:31:23+00:00	WhZnLXO9SPkiY7paUIhliBT3aQrQXtnxz04TcUFLeyb4kbr3q3vgT7VWMTb6ax/h	Slack User Token		https://github.com/InfosecRD/SecretBench	InfosecRD/SecretBench	https://github.com/InfosecRD/SecretBench/commit/7538083424579401ef3c98c266d833e039c24114	7538083424579401ef3c98c266d833e039c24114	Ryan Delaney	ryan.delaney@owasp.org	battery/passwords.txt	649550	https://dashboard.gitguardian.com/workspace/112192/incidents/649550
2021-05-03 16:31:23+00:00	WhZnLXO9SPkiY7paUIhliBT3aQrQXtnxz04TcUFLeyb4kbr3q3vgT7VWMTb6ax/h	Slack User Token		https://github.com/InfosecRD/SecretBench	InfosecRD/SecretBench	https://github.com/InfosecRD/SecretBench/commit/7538083424579401ef3c98c266d833e039c24114	7538083424579401ef3c98c266d833e039c24114	Ryan Delaney	ryan.delaney@owasp.org	battery/passwords.sh	649550	https://dashboard.gitguardian.com/workspace/112192/incidents/649550
2021-05-03 16:31:23+00:00	WhZnLXO9SPkiY7paUIhliBT3aQrQXtnxz04TcUFLeyb4kbr3q3vgT7VWMTb6ax/h	Slack User Token		https://github.com/InfosecRD/SecretBench	InfosecRD/SecretBench	https://github.com/InfosecRD/SecretBench/commit/7538083424579401ef3c98c266d833e039c24114	7538083424579401ef3c98c266d833e039c24114	Ryan Delaney	ryan.delaney@owasp.org	battery/passwords.py	649550	https://dashboard.gitguardian.com/workspace/112192/incidents/649550
2021-05-03 16:31:23+00:00	WhZnLXO9SPkiY7paUIhliBT3aQrQXtnxz04TcUFLeyb4kbr3q3vgT7VWMTb6ax/h	Slack User Token		https://github.com/InfosecRD/SecretBench	InfosecRD/SecretBench	https://github.com/InfosecRD/SecretBench/commit/7538083424579401ef3c98c266d833e039c24114	7538083424579401ef3c98c266d833e039c24114	Ryan Delaney	ryan.delaney@owasp.org	battery/passwords.ps1	649550	https://dashboard.gitguardian.com/workspace/112192/incidents/649550
2021-05-03 16:31:23+00:00	WhZnLXO9SPkiY7paUIhliBT3aQrQXtnxz04TcUFLeyb4kbr3q3vgT7VWMTb6ax/h	Slack User Token		https://github.com/InfosecRD/SecretBench	InfosecRD/SecretBench	https://github.com/InfosecRD/SecretBench/commit/7538083424579401ef3c98c266d833e039c24114	7538083424579401ef3c98c266d833e039c24114	Ryan Delaney	ryan.delaney@owasp.org	battery/passwords.js	649550	https://dashboard.gitguardian.com/workspace/112192/incidents/649550
2021-05-03 16:31:23+00:00	WhZnLXO9SPkiY7paUIhliBT3aQrQXtnxz04TcUFLeyb4kbr3q3vgT7VWMTb6ax/h	Slack User Token		https://github.com/InfosecRD/SecretBench	InfosecRD/SecretBench	https://github.com/InfosecRD/SecretBench/commit/7538083424579401ef3c98c266d833e039c24114	7538083424579401ef3c98c266d833e039c24114	Ryan Delaney	ryan.delaney@owasp.org	battery/passwords.cpp	649550	https://dashboard.gitguardian.com/workspace/112192/incidents/649550
2021-05-03 16:31:23+00:00	WhZnLXO9SPkiY7paUIhliBT3aQrQXtnxz04TcUFLeyb4kbr3q3vgT7VWMTb6ax/h	Slack User Token		https://github.com/InfosecRD/SecretBench	InfosecRD/SecretBench	https://github.com/InfosecRD/SecretBench/commit/7538083424579401ef3c98c266d833e039c24114	7538083424579401ef3c98c266d833e039c24114	Ryan Delaney	ryan.delaney@owasp.org	battery/passwords.c	649550	https://dashboard.gitguardian.com/workspace/112192/incidents/649550
2021-05-03 16:31:23+00:00	M0G0Zg1wpv6nM0M2ojqtfY8F7EWkZB1KttBNvKxhcqonbLhuP4G6lsSULyTx/pbN	Username Password		https://github.com/InfosecRD/SecretBench	InfosecRD/SecretBench	https://github.com/InfosecRD/SecretBench/commit/7538083424579401ef3c98c266d833e039c24114	7538083424579401ef3c98c266d833e039c24114	Ryan Delaney	ryan.delaney@owasp.org	battery/passwords.txt	649549	https://dashboard.gitguardian.com/workspace/112192/incidents/649549
2021-05-03 16:31:23+00:00	M0G0Zg1wpv6nM0M2ojqtfY8F7EWkZB1KttBNvKxhcqonbLhuP4G6lsSULyTx/pbN	Username Password		https://github.com/InfosecRD/SecretBench	InfosecRD/SecretBench	https://github.com/InfosecRD/SecretBench/commit/7538083424579401ef3c98c266d833e039c24114	7538083424579401ef3c98c266d833e039c24114	Ryan Delaney	ryan.delaney@owasp.org	battery/passwords.sh	649549	https://dashboard.gitguardian.com/workspace/112192/incidents/649549
2021-05-03 16:31:23+00:00	M0G0Zg1wpv6nM0M2ojqtfY8F7EWkZB1KttBNvKxhcqonbLhuP4G6lsSULyTx/pbN	Username Password		https://github.com/InfosecRD/SecretBench	InfosecRD/SecretBench	https://github.com/InfosecRD/SecretBench/commit/7538083424579401ef3c98c266d833e039c24114	7538083424579401ef3c98c266d833e039c24114	Ryan Delaney	ryan.delaney@owasp.org	battery/passwords.py	649549	https://dashboard.gitguardian.com/workspace/112192/incidents/649549
2021-05-03 16:31:23+00:00	M0G0Zg1wpv6nM0M2ojqtfY8F7EWkZB1KttBNvKxhcqonbLhuP4G6lsSULyTx/pbN	Username Password		https://github.com/InfosecRD/SecretBench	InfosecRD/SecretBench	https://github.com/InfosecRD/SecretBench/commit/7538083424579401ef3c98c266d833e039c24114	7538083424579401ef3c98c266d833e039c24114	Ryan Delaney	ryan.delaney@owasp.org	battery/passwords.ps1	649549	https://dashboard.gitguardian.com/workspace/112192/incidents/649549
2021-05-03 16:31:23+00:00	M0G0Zg1wpv6nM0M2ojqtfY8F7EWkZB1KttBNvKxhcqonbLhuP4G6lsSULyTx/pbN	Username Password		https://github.com/InfosecRD/SecretBench	InfosecRD/SecretBench	https://github.com/InfosecRD/SecretBench/commit/7538083424579401ef3c98c266d833e039c24114	7538083424579401ef3c98c266d833e039c24114	Ryan Delaney	ryan.delaney@owasp.org	battery/passwords.js	649549	https://dashboard.gitguardian.com/workspace/112192/incidents/649549
2021-05-03 16:31:23+00:00	M0G0Zg1wpv6nM0M2ojqtfY8F7EWkZB1KttBNvKxhcqonbLhuP4G6lsSULyTx/pbN	Username Password		https://github.com/InfosecRD/SecretBench	InfosecRD/SecretBench	https://github.com/InfosecRD/SecretBench/commit/7538083424579401ef3c98c266d833e039c24114	7538083424579401ef3c98c266d833e039c24114	Ryan Delaney	ryan.delaney@owasp.org	battery/passwords.cpp	649549	https://dashboard.gitguardian.com/workspace/112192/incidents/649549
2021-05-03 16:31:23+00:00	M0G0Zg1wpv6nM0M2ojqtfY8F7EWkZB1KttBNvKxhcqonbLhuP4G6lsSULyTx/pbN	Username Password		https://github.com/InfosecRD/SecretBench	InfosecRD/SecretBench	https://github.com/InfosecRD/SecretBench/commit/7538083424579401ef3c98c266d833e039c24114	7538083424579401ef3c98c266d833e039c24114	Ryan Delaney	ryan.delaney@owasp.org	battery/passwords.c	649549	https://dashboard.gitguardian.com/workspace/112192/incidents/649549
2021-05-03 16:31:23+00:00	YZs0Sgngn/uvLN85hdIBctaeazBtOIduOPl5uRRgBKu+Cxvjfma8ieOEhD7igl+v	Generic Password		https://github.com/InfosecRD/SecretBench	InfosecRD/SecretBench	https://github.com/InfosecRD/SecretBench/commit/7538083424579401ef3c98c266d833e039c24114	7538083424579401ef3c98c266d833e039c24114	Ryan Delaney	ryan.delaney@owasp.org	battery/passwords.txt	649548	https://dashboard.gitguardian.com/workspace/112192/incidents/649548
2021-05-03 16:31:23+00:00	YZs0Sgngn/uvLN85hdIBctaeazBtOIduOPl5uRRgBKu+Cxvjfma8ieOEhD7igl+v	Generic Password		https://github.com/InfosecRD/SecretBench	InfosecRD/SecretBench	https://github.com/InfosecRD/SecretBench/commit/7538083424579401ef3c98c266d833e039c24114	7538083424579401ef3c98c266d833e039c24114	Ryan Delaney	ryan.delaney@owasp.org	battery/passwords.c	649548	https://dashboard.gitguardian.com/workspace/112192/incidents/649548
2021-05-03 16:31:23+00:00	YZs0Sgngn/uvLN85hdIBctaeazBtOIduOPl5uRRgBKu+Cxvjfma8ieOEhD7igl+v	Generic Password		https://github.com/InfosecRD/SecretBench	InfosecRD/SecretBench	https://github.com/InfosecRD/SecretBench/commit/7538083424579401ef3c98c266d833e039c24114	7538083424579401ef3c98c266d833e039c24114	Ryan Delaney	ryan.delaney@owasp.org	battery/passwords.cpp	649548	https://dashboard.gitguardian.com/workspace/112192/incidents/649548
2021-05-03 16:31:23+00:00	YZs0Sgngn/uvLN85hdIBctaeazBtOIduOPl5uRRgBKu+Cxvjfma8ieOEhD7igl+v	Generic Password		https://github.com/InfosecRD/SecretBench	InfosecRD/SecretBench	https://github.com/InfosecRD/SecretBench/commit/7538083424579401ef3c98c266d833e039c24114	7538083424579401ef3c98c266d833e039c24114	Ryan Delaney	ryan.delaney@owasp.org	battery/passwords.js	649548	https://dashboard.gitguardian.com/workspace/112192/incidents/649548
2021-05-03 16:31:23+00:00	YZs0Sgngn/uvLN85hdIBctaeazBtOIduOPl5uRRgBKu+Cxvjfma8ieOEhD7igl+v	Generic Password		https://github.com/InfosecRD/SecretBench	InfosecRD/SecretBench	https://github.com/InfosecRD/SecretBench/commit/7538083424579401ef3c98c266d833e039c24114	7538083424579401ef3c98c266d833e039c24114	Ryan Delaney	ryan.delaney@owasp.org	battery/passwords.ps1	649548	https://dashboard.gitguardian.com/workspace/112192/incidents/649548
2021-05-03 16:31:23+00:00	YZs0Sgngn/uvLN85hdIBctaeazBtOIduOPl5uRRgBKu+Cxvjfma8ieOEhD7igl+v	Generic Password		https://github.com/InfosecRD/SecretBench	InfosecRD/SecretBench	https://github.com/InfosecRD/SecretBench/commit/7538083424579401ef3c98c266d833e039c24114	7538083424579401ef3c98c266d833e039c24114	Ryan Delaney	ryan.delaney@owasp.org	battery/passwords.py	649548	https://dashboard.gitguardian.com/workspace/112192/incidents/649548
2021-05-03 16:31:23+00:00	YZs0Sgngn/uvLN85hdIBctaeazBtOIduOPl5uRRgBKu+Cxvjfma8ieOEhD7igl+v	Generic Password		https://github.com/InfosecRD/SecretBench	InfosecRD/SecretBench	https://github.com/InfosecRD/SecretBench/commit/7538083424579401ef3c98c266d833e039c24114	7538083424579401ef3c98c266d833e039c24114	Ryan Delaney	ryan.delaney@owasp.org	battery/passwords.sh	649548	https://dashboard.gitguardian.com/workspace/112192/incidents/649548
2021-05-03 16:31:23+00:00	7mL0LcuVtV0MzanbztcSHgeKTKFZmNVDjs3/dTizzhHvbLZ9fma8ieOEhD7igl+v	Generic Password		https://github.com/InfosecRD/SecretBench	InfosecRD/SecretBench	https://github.com/InfosecRD/SecretBench/commit/7538083424579401ef3c98c266d833e039c24114	7538083424579401ef3c98c266d833e039c24114	Ryan Delaney	ryan.delaney@owasp.org	battery/passwords.c	649547	https://dashboard.gitguardian.com/workspace/112192/incidents/649547
2021-05-03 16:31:23+00:00	7mL0LcuVtV0MzanbztcSHgeKTKFZmNVDjs3/dTizzhHvbLZ9fma8ieOEhD7igl+v	Generic Password		https://github.com/InfosecRD/SecretBench	InfosecRD/SecretBench	https://github.com/InfosecRD/SecretBench/commit/7538083424579401ef3c98c266d833e039c24114	7538083424579401ef3c98c266d833e039c24114	Ryan Delaney	ryan.delaney@owasp.org	battery/passwords.txt	649547	https://dashboard.gitguardian.com/workspace/112192/incidents/649547
2021-05-03 16:31:23+00:00	7mL0LcuVtV0MzanbztcSHgeKTKFZmNVDjs3/dTizzhHvbLZ9fma8ieOEhD7igl+v	Generic Password		https://github.com/InfosecRD/SecretBench	InfosecRD/SecretBench	https://github.com/InfosecRD/SecretBench/commit/7538083424579401ef3c98c266d833e039c24114	7538083424579401ef3c98c266d833e039c24114	Ryan Delaney	ryan.delaney@owasp.org	battery/passwords.ps1	649547	https://dashboard.gitguardian.com/workspace/112192/incidents/649547
2021-05-03 16:31:23+00:00	7mL0LcuVtV0MzanbztcSHgeKTKFZmNVDjs3/dTizzhHvbLZ9fma8ieOEhD7igl+v	Generic Password		https://github.com/InfosecRD/SecretBench	InfosecRD/SecretBench	https://github.com/InfosecRD/SecretBench/commit/7538083424579401ef3c98c266d833e039c24114	7538083424579401ef3c98c266d833e039c24114	Ryan Delaney	ryan.delaney@owasp.org	battery/passwords.sh	649547	https://dashboard.gitguardian.com/workspace/112192/incidents/649547
2021-05-03 16:31:23+00:00	7mL0LcuVtV0MzanbztcSHgeKTKFZmNVDjs3/dTizzhHvbLZ9fma8ieOEhD7igl+v	Generic Password		https://github.com/InfosecRD/SecretBench	InfosecRD/SecretBench	https://github.com/InfosecRD/SecretBench/commit/7538083424579401ef3c98c266d833e039c24114	7538083424579401ef3c98c266d833e039c24114	Ryan Delaney	ryan.delaney@owasp.org	battery/passwords.js	649547	https://dashboard.gitguardian.com/workspace/112192/incidents/649547
2021-05-03 16:31:23+00:00	7mL0LcuVtV0MzanbztcSHgeKTKFZmNVDjs3/dTizzhHvbLZ9fma8ieOEhD7igl+v	Generic Password		https://github.com/InfosecRD/SecretBench	InfosecRD/SecretBench	https://github.com/InfosecRD/SecretBench/commit/7538083424579401ef3c98c266d833e039c24114	7538083424579401ef3c98c266d833e039c24114	Ryan Delaney	ryan.delaney@owasp.org	battery/passwords.sh	649547	https://dashboard.gitguardian.com/workspace/112192/incidents/649547
2021-05-03 16:31:23+00:00	7mL0LcuVtV0MzanbztcSHgeKTKFZmNVDjs3/dTizzhHvbLZ9fma8ieOEhD7igl+v	Generic Password		https://github.com/InfosecRD/SecretBench	InfosecRD/SecretBench	https://github.com/InfosecRD/SecretBench/commit/7538083424579401ef3c98c266d833e039c24114	7538083424579401ef3c98c266d833e039c24114	Ryan Delaney	ryan.delaney@owasp.org	battery/passwords.js	649547	https://dashboard.gitguardian.com/workspace/112192/incidents/649547
2021-05-03 16:31:23+00:00	7mL0LcuVtV0MzanbztcSHgeKTKFZmNVDjs3/dTizzhHvbLZ9fma8ieOEhD7igl+v	Generic Password		https://github.com/InfosecRD/SecretBench	InfosecRD/SecretBench	https://github.com/InfosecRD/SecretBench/commit/7538083424579401ef3c98c266d833e039c24114	7538083424579401ef3c98c266d833e039c24114	Ryan Delaney	ryan.delaney@owasp.org	battery/passwords.txt	649547	https://dashboard.gitguardian.com/workspace/112192/incidents/649547
2021-05-03 16:31:23+00:00	7mL0LcuVtV0MzanbztcSHgeKTKFZmNVDjs3/dTizzhHvbLZ9fma8ieOEhD7igl+v	Generic Password		https://github.com/InfosecRD/SecretBench	InfosecRD/SecretBench	https://github.com/InfosecRD/SecretBench/commit/7538083424579401ef3c98c266d833e039c24114	7538083424579401ef3c98c266d833e039c24114	Ryan Delaney	ryan.delaney@owasp.org	battery/passwords.py	649547	https://dashboard.gitguardian.com/workspace/112192/incidents/649547
2021-05-03 16:31:23+00:00	7mL0LcuVtV0MzanbztcSHgeKTKFZmNVDjs3/dTizzhHvbLZ9fma8ieOEhD7igl+v	Generic Password		https://github.com/InfosecRD/SecretBench	InfosecRD/SecretBench	https://github.com/InfosecRD/SecretBench/commit/7538083424579401ef3c98c266d833e039c24114	7538083424579401ef3c98c266d833e039c24114	Ryan Delaney	ryan.delaney@owasp.org	battery/passwords.cpp	649547	https://dashboard.gitguardian.com/workspace/112192/incidents/649547
2021-05-03 16:31:23+00:00	7mL0LcuVtV0MzanbztcSHgeKTKFZmNVDjs3/dTizzhHvbLZ9fma8ieOEhD7igl+v	Generic Password		https://github.com/InfosecRD/SecretBench	InfosecRD/SecretBench	https://github.com/InfosecRD/SecretBench/commit/7538083424579401ef3c98c266d833e039c24114	7538083424579401ef3c98c266d833e039c24114	Ryan Delaney	ryan.delaney@owasp.org	battery/passwords.py	649547	https://dashboard.gitguardian.com/workspace/112192/incidents/649547
2021-05-03 16:31:23+00:00	7mL0LcuVtV0MzanbztcSHgeKTKFZmNVDjs3/dTizzhHvbLZ9fma8ieOEhD7igl+v	Generic Password		https://github.com/InfosecRD/SecretBench	InfosecRD/SecretBench	https://github.com/InfosecRD/SecretBench/commit/7538083424579401ef3c98c266d833e039c24114	7538083424579401ef3c98c266d833e039c24114	Ryan Delaney	ryan.delaney@owasp.org	battery/passwords.cpp	649547	https://dashboard.gitguardian.com/workspace/112192/incidents/649547
2021-05-03 16:31:23+00:00	7mL0LcuVtV0MzanbztcSHgeKTKFZmNVDjs3/dTizzhHvbLZ9fma8ieOEhD7igl+v	Generic Password		https://github.com/InfosecRD/SecretBench	InfosecRD/SecretBench	https://github.com/InfosecRD/SecretBench/commit/7538083424579401ef3c98c266d833e039c24114	7538083424579401ef3c98c266d833e039c24114	Ryan Delaney	ryan.delaney@owasp.org	battery/passwords.ps1	649547	https://dashboard.gitguardian.com/workspace/112192/incidents/649547
2021-05-03 16:31:23+00:00	7mL0LcuVtV0MzanbztcSHgeKTKFZmNVDjs3/dTizzhHvbLZ9fma8ieOEhD7igl+v	Generic Password		https://github.com/InfosecRD/SecretBench	InfosecRD/SecretBench	https://github.com/InfosecRD/SecretBench/commit/7538083424579401ef3c98c266d833e039c24114	7538083424579401ef3c98c266d833e039c24114	Ryan Delaney	ryan.delaney@owasp.org	battery/passwords.c	649547	https://dashboard.gitguardian.com/workspace/112192/incidents/649547
2021-05-03 16:31:23+00:00	nWGUf3r9Ixq4uPmMVCLM02tRBhlL58yw0ec5S0klFm6Y3ZV4fma8ieOEhD7igl+v	Generic Password		https://github.com/InfosecRD/SecretBench	InfosecRD/SecretBench	https://github.com/InfosecRD/SecretBench/commit/7538083424579401ef3c98c266d833e039c24114	7538083424579401ef3c98c266d833e039c24114	Ryan Delaney	ryan.delaney@owasp.org	battery/passwords.txt	649546	https://dashboard.gitguardian.com/workspace/112192/incidents/649546
2021-05-03 16:31:23+00:00	nWGUf3r9Ixq4uPmMVCLM02tRBhlL58yw0ec5S0klFm6Y3ZV4fma8ieOEhD7igl+v	Generic Password		https://github.com/InfosecRD/SecretBench	InfosecRD/SecretBench	https://github.com/InfosecRD/SecretBench/commit/7538083424579401ef3c98c266d833e039c24114	7538083424579401ef3c98c266d833e039c24114	Ryan Delaney	ryan.delaney@owasp.org	battery/passwords.cpp	649546	https://dashboard.gitguardian.com/workspace/112192/incidents/649546
2021-05-03 16:31:23+00:00	nWGUf3r9Ixq4uPmMVCLM02tRBhlL58yw0ec5S0klFm6Y3ZV4fma8ieOEhD7igl+v	Generic Password		https://github.com/InfosecRD/SecretBench	InfosecRD/SecretBench	https://github.com/InfosecRD/SecretBench/commit/7538083424579401ef3c98c266d833e039c24114	7538083424579401ef3c98c266d833e039c24114	Ryan Delaney	ryan.delaney@owasp.org	battery/passwords.js	649546	https://dashboard.gitguardian.com/workspace/112192/incidents/649546
2021-05-03 16:31:23+00:00	nWGUf3r9Ixq4uPmMVCLM02tRBhlL58yw0ec5S0klFm6Y3ZV4fma8ieOEhD7igl+v	Generic Password		https://github.com/InfosecRD/SecretBench	InfosecRD/SecretBench	https://github.com/InfosecRD/SecretBench/commit/7538083424579401ef3c98c266d833e039c24114	7538083424579401ef3c98c266d833e039c24114	Ryan Delaney	ryan.delaney@owasp.org	battery/passwords.ps1	649546	https://dashboard.gitguardian.com/workspace/112192/incidents/649546
2021-05-03 16:31:23+00:00	nWGUf3r9Ixq4uPmMVCLM02tRBhlL58yw0ec5S0klFm6Y3ZV4fma8ieOEhD7igl+v	Generic Password		https://github.com/InfosecRD/SecretBench	InfosecRD/SecretBench	https://github.com/InfosecRD/SecretBench/commit/7538083424579401ef3c98c266d833e039c24114	7538083424579401ef3c98c266d833e039c24114	Ryan Delaney	ryan.delaney@owasp.org	battery/passwords.py	649546	https://dashboard.gitguardian.com/workspace/112192/incidents/649546
2021-05-03 16:31:23+00:00	nWGUf3r9Ixq4uPmMVCLM02tRBhlL58yw0ec5S0klFm6Y3ZV4fma8ieOEhD7igl+v	Generic Password		https://github.com/InfosecRD/SecretBench	InfosecRD/SecretBench	https://github.com/InfosecRD/SecretBench/commit/7538083424579401ef3c98c266d833e039c24114	7538083424579401ef3c98c266d833e039c24114	Ryan Delaney	ryan.delaney@owasp.org	battery/passwords.sh	649546	https://dashboard.gitguardian.com/workspace/112192/incidents/649546
2021-05-03 16:31:23+00:00	nWGUf3r9Ixq4uPmMVCLM02tRBhlL58yw0ec5S0klFm6Y3ZV4fma8ieOEhD7igl+v	Generic Password		https://github.com/InfosecRD/SecretBench	InfosecRD/SecretBench	https://github.com/InfosecRD/SecretBench/commit/7538083424579401ef3c98c266d833e039c24114	7538083424579401ef3c98c266d833e039c24114	Ryan Delaney	ryan.delaney@owasp.org	battery/passwords.c	649546	https://dashboard.gitguardian.com/workspace/112192/incidents/649546
2021-05-03 16:31:23+00:00	seUrQ0Ul8UkNFzSUIYe13ZIHZ0DUGbIMISW5ET4qisLocRaNfma8ieOEhD7igl+v	Generic Password		https://github.com/InfosecRD/SecretBench	InfosecRD/SecretBench	https://github.com/InfosecRD/SecretBench/commit/7538083424579401ef3c98c266d833e039c24114	7538083424579401ef3c98c266d833e039c24114	Ryan Delaney	ryan.delaney@owasp.org	battery/passwords.c	649545	https://dashboard.gitguardian.com/workspace/112192/incidents/649545
2021-05-03 16:31:23+00:00	seUrQ0Ul8UkNFzSUIYe13ZIHZ0DUGbIMISW5ET4qisLocRaNfma8ieOEhD7igl+v	Generic Password		https://github.com/InfosecRD/SecretBench	InfosecRD/SecretBench	https://github.com/InfosecRD/SecretBench/commit/7538083424579401ef3c98c266d833e039c24114	7538083424579401ef3c98c266d833e039c24114	Ryan Delaney	ryan.delaney@owasp.org	battery/passwords.txt	649545	https://dashboard.gitguardian.com/workspace/112192/incidents/649545
2021-05-03 16:31:23+00:00	seUrQ0Ul8UkNFzSUIYe13ZIHZ0DUGbIMISW5ET4qisLocRaNfma8ieOEhD7igl+v	Generic Password		https://github.com/InfosecRD/SecretBench	InfosecRD/SecretBench	https://github.com/InfosecRD/SecretBench/commit/7538083424579401ef3c98c266d833e039c24114	7538083424579401ef3c98c266d833e039c24114	Ryan Delaney	ryan.delaney@owasp.org	battery/passwords.sh	649545	https://dashboard.gitguardian.com/workspace/112192/incidents/649545
2021-05-03 16:31:23+00:00	seUrQ0Ul8UkNFzSUIYe13ZIHZ0DUGbIMISW5ET4qisLocRaNfma8ieOEhD7igl+v	Generic Password		https://github.com/InfosecRD/SecretBench	InfosecRD/SecretBench	https://github.com/InfosecRD/SecretBench/commit/7538083424579401ef3c98c266d833e039c24114	7538083424579401ef3c98c266d833e039c24114	Ryan Delaney	ryan.delaney@owasp.org	battery/passwords.py	649545	https://dashboard.gitguardian.com/workspace/112192/incidents/649545
2021-05-03 16:31:23+00:00	seUrQ0Ul8UkNFzSUIYe13ZIHZ0DUGbIMISW5ET4qisLocRaNfma8ieOEhD7igl+v	Generic Password		https://github.com/InfosecRD/SecretBench	InfosecRD/SecretBench	https://github.com/InfosecRD/SecretBench/commit/7538083424579401ef3c98c266d833e039c24114	7538083424579401ef3c98c266d833e039c24114	Ryan Delaney	ryan.delaney@owasp.org	battery/passwords.ps1	649545	https://dashboard.gitguardian.com/workspace/112192/incidents/649545
2021-05-03 16:31:23+00:00	seUrQ0Ul8UkNFzSUIYe13ZIHZ0DUGbIMISW5ET4qisLocRaNfma8ieOEhD7igl+v	Generic Password		https://github.com/InfosecRD/SecretBench	InfosecRD/SecretBench	https://github.com/InfosecRD/SecretBench/commit/7538083424579401ef3c98c266d833e039c24114	7538083424579401ef3c98c266d833e039c24114	Ryan Delaney	ryan.delaney@owasp.org	battery/passwords.js	649545	https://dashboard.gitguardian.com/workspace/112192/incidents/649545
2021-05-03 16:31:23+00:00	seUrQ0Ul8UkNFzSUIYe13ZIHZ0DUGbIMISW5ET4qisLocRaNfma8ieOEhD7igl+v	Generic Password		https://github.com/InfosecRD/SecretBench	InfosecRD/SecretBench	https://github.com/InfosecRD/SecretBench/commit/7538083424579401ef3c98c266d833e039c24114	7538083424579401ef3c98c266d833e039c24114	Ryan Delaney	ryan.delaney@owasp.org	battery/passwords.cpp	649545	https://dashboard.gitguardian.com/workspace/112192/incidents/649545
2021-05-03 16:31:23+00:00	ifQvwGB+LyvFG85y1GhJk3C7n4MgLw47wmYpLn2PAdBHYwnbfma8ieOEhD7igl+v	Generic Password		https://github.com/InfosecRD/SecretBench	InfosecRD/SecretBench	https://github.com/InfosecRD/SecretBench/commit/7538083424579401ef3c98c266d833e039c24114	7538083424579401ef3c98c266d833e039c24114	Ryan Delaney	ryan.delaney@owasp.org	battery/passwords.ps1	649544	https://dashboard.gitguardian.com/workspace/112192/incidents/649544
2021-05-03 16:31:23+00:00	ifQvwGB+LyvFG85y1GhJk3C7n4MgLw47wmYpLn2PAdBHYwnbfma8ieOEhD7igl+v	Generic Password		https://github.com/InfosecRD/SecretBench	InfosecRD/SecretBench	https://github.com/InfosecRD/SecretBench/commit/7538083424579401ef3c98c266d833e039c24114	7538083424579401ef3c98c266d833e039c24114	Ryan Delaney	ryan.delaney@owasp.org	battery/passwords.c	649544	https://dashboard.gitguardian.com/workspace/112192/incidents/649544
2021-05-03 16:31:23+00:00	ifQvwGB+LyvFG85y1GhJk3C7n4MgLw47wmYpLn2PAdBHYwnbfma8ieOEhD7igl+v	Generic Password		https://github.com/InfosecRD/SecretBench	InfosecRD/SecretBench	https://github.com/InfosecRD/SecretBench/commit/7538083424579401ef3c98c266d833e039c24114	7538083424579401ef3c98c266d833e039c24114	Ryan Delaney	ryan.delaney@owasp.org	battery/passwords.cpp	649544	https://dashboard.gitguardian.com/workspace/112192/incidents/649544
2021-05-03 16:31:23+00:00	ifQvwGB+LyvFG85y1GhJk3C7n4MgLw47wmYpLn2PAdBHYwnbfma8ieOEhD7igl+v	Generic Password		https://github.com/InfosecRD/SecretBench	InfosecRD/SecretBench	https://github.com/InfosecRD/SecretBench/commit/7538083424579401ef3c98c266d833e039c24114	7538083424579401ef3c98c266d833e039c24114	Ryan Delaney	ryan.delaney@owasp.org	battery/passwords.js	649544	https://dashboard.gitguardian.com/workspace/112192/incidents/649544
2021-05-03 16:31:23+00:00	ifQvwGB+LyvFG85y1GhJk3C7n4MgLw47wmYpLn2PAdBHYwnbfma8ieOEhD7igl+v	Generic Password		https://github.com/InfosecRD/SecretBench	InfosecRD/SecretBench	https://github.com/InfosecRD/SecretBench/commit/7538083424579401ef3c98c266d833e039c24114	7538083424579401ef3c98c266d833e039c24114	Ryan Delaney	ryan.delaney@owasp.org	battery/passwords.py	649544	https://dashboard.gitguardian.com/workspace/112192/incidents/649544
2021-05-03 16:31:23+00:00	ifQvwGB+LyvFG85y1GhJk3C7n4MgLw47wmYpLn2PAdBHYwnbfma8ieOEhD7igl+v	Generic Password		https://github.com/InfosecRD/SecretBench	InfosecRD/SecretBench	https://github.com/InfosecRD/SecretBench/commit/7538083424579401ef3c98c266d833e039c24114	7538083424579401ef3c98c266d833e039c24114	Ryan Delaney	ryan.delaney@owasp.org	battery/passwords.sh	649544	https://dashboard.gitguardian.com/workspace/112192/incidents/649544
2021-05-03 16:31:23+00:00	ifQvwGB+LyvFG85y1GhJk3C7n4MgLw47wmYpLn2PAdBHYwnbfma8ieOEhD7igl+v	Generic Password		https://github.com/InfosecRD/SecretBench	InfosecRD/SecretBench	https://github.com/InfosecRD/SecretBench/commit/7538083424579401ef3c98c266d833e039c24114	7538083424579401ef3c98c266d833e039c24114	Ryan Delaney	ryan.delaney@owasp.org	battery/passwords.txt	649544	https://dashboard.gitguardian.com/workspace/112192/incidents/649544
2021-05-03 16:31:23+00:00	I1aewmrdCgefPKN+2tAI5SGWhTPolyJWZAxfedOOcmAAg/vefma8ieOEhD7igl+v	Generic Password		https://github.com/InfosecRD/SecretBench	InfosecRD/SecretBench	https://github.com/InfosecRD/SecretBench/commit/7538083424579401ef3c98c266d833e039c24114	7538083424579401ef3c98c266d833e039c24114	Ryan Delaney	ryan.delaney@owasp.org	battery/passwords.c	649543	https://dashboard.gitguardian.com/workspace/112192/incidents/649543
2021-05-03 16:31:23+00:00	I1aewmrdCgefPKN+2tAI5SGWhTPolyJWZAxfedOOcmAAg/vefma8ieOEhD7igl+v	Generic Password		https://github.com/InfosecRD/SecretBench	InfosecRD/SecretBench	https://github.com/InfosecRD/SecretBench/commit/7538083424579401ef3c98c266d833e039c24114	7538083424579401ef3c98c266d833e039c24114	Ryan Delaney	ryan.delaney@owasp.org	battery/passwords.cpp	649543	https://dashboard.gitguardian.com/workspace/112192/incidents/649543
2021-05-03 16:31:23+00:00	I1aewmrdCgefPKN+2tAI5SGWhTPolyJWZAxfedOOcmAAg/vefma8ieOEhD7igl+v	Generic Password		https://github.com/InfosecRD/SecretBench	InfosecRD/SecretBench	https://github.com/InfosecRD/SecretBench/commit/7538083424579401ef3c98c266d833e039c24114	7538083424579401ef3c98c266d833e039c24114	Ryan Delaney	ryan.delaney@owasp.org	battery/passwords.js	649543	https://dashboard.gitguardian.com/workspace/112192/incidents/649543
2021-05-03 16:31:23+00:00	I1aewmrdCgefPKN+2tAI5SGWhTPolyJWZAxfedOOcmAAg/vefma8ieOEhD7igl+v	Generic Password		https://github.com/InfosecRD/SecretBench	InfosecRD/SecretBench	https://github.com/InfosecRD/SecretBench/commit/7538083424579401ef3c98c266d833e039c24114	7538083424579401ef3c98c266d833e039c24114	Ryan Delaney	ryan.delaney@owasp.org	battery/passwords.ps1	649543	https://dashboard.gitguardian.com/workspace/112192/incidents/649543
2021-05-03 16:31:23+00:00	I1aewmrdCgefPKN+2tAI5SGWhTPolyJWZAxfedOOcmAAg/vefma8ieOEhD7igl+v	Generic Password		https://github.com/InfosecRD/SecretBench	InfosecRD/SecretBench	https://github.com/InfosecRD/SecretBench/commit/7538083424579401ef3c98c266d833e039c24114	7538083424579401ef3c98c266d833e039c24114	Ryan Delaney	ryan.delaney@owasp.org	battery/passwords.py	649543	https://dashboard.gitguardian.com/workspace/112192/incidents/649543
2021-05-03 16:31:23+00:00	I1aewmrdCgefPKN+2tAI5SGWhTPolyJWZAxfedOOcmAAg/vefma8ieOEhD7igl+v	Generic Password		https://github.com/InfosecRD/SecretBench	InfosecRD/SecretBench	https://github.com/InfosecRD/SecretBench/commit/7538083424579401ef3c98c266d833e039c24114	7538083424579401ef3c98c266d833e039c24114	Ryan Delaney	ryan.delaney@owasp.org	battery/passwords.sh	649543	https://dashboard.gitguardian.com/workspace/112192/incidents/649543
2021-05-03 16:31:23+00:00	I1aewmrdCgefPKN+2tAI5SGWhTPolyJWZAxfedOOcmAAg/vefma8ieOEhD7igl+v	Generic Password		https://github.com/InfosecRD/SecretBench	InfosecRD/SecretBench	https://github.com/InfosecRD/SecretBench/commit/7538083424579401ef3c98c266d833e039c24114	7538083424579401ef3c98c266d833e039c24114	Ryan Delaney	ryan.delaney@owasp.org	battery/passwords.txt	649543	https://dashboard.gitguardian.com/workspace/112192/incidents/649543
2021-05-03 16:31:23+00:00	v0HFPTFbePGSs7HzqFSigUBY7FT3HYDwTV/ZoqEZkec/7090fma8ieOEhD7igl+v	Generic Password		https://github.com/InfosecRD/SecretBench	InfosecRD/SecretBench	https://github.com/InfosecRD/SecretBench/commit/7538083424579401ef3c98c266d833e039c24114	7538083424579401ef3c98c266d833e039c24114	Ryan Delaney	ryan.delaney@owasp.org	battery/passwords.c	649542	https://dashboard.gitguardian.com/workspace/112192/incidents/649542
2021-05-03 16:31:23+00:00	v0HFPTFbePGSs7HzqFSigUBY7FT3HYDwTV/ZoqEZkec/7090fma8ieOEhD7igl+v	Generic Password		https://github.com/InfosecRD/SecretBench	InfosecRD/SecretBench	https://github.com/InfosecRD/SecretBench/commit/7538083424579401ef3c98c266d833e039c24114	7538083424579401ef3c98c266d833e039c24114	Ryan Delaney	ryan.delaney@owasp.org	battery/passwords.cpp	649542	https://dashboard.gitguardian.com/workspace/112192/incidents/649542
2021-05-03 16:31:23+00:00	v0HFPTFbePGSs7HzqFSigUBY7FT3HYDwTV/ZoqEZkec/7090fma8ieOEhD7igl+v	Generic Password		https://github.com/InfosecRD/SecretBench	InfosecRD/SecretBench	https://github.com/InfosecRD/SecretBench/commit/7538083424579401ef3c98c266d833e039c24114	7538083424579401ef3c98c266d833e039c24114	Ryan Delaney	ryan.delaney@owasp.org	battery/passwords.js	649542	https://dashboard.gitguardian.com/workspace/112192/incidents/649542
2021-05-03 16:31:23+00:00	v0HFPTFbePGSs7HzqFSigUBY7FT3HYDwTV/ZoqEZkec/7090fma8ieOEhD7igl+v	Generic Password		https://github.com/InfosecRD/SecretBench	InfosecRD/SecretBench	https://github.com/InfosecRD/SecretBench/commit/7538083424579401ef3c98c266d833e039c24114	7538083424579401ef3c98c266d833e039c24114	Ryan Delaney	ryan.delaney@owasp.org	battery/passwords.ps1	649542	https://dashboard.gitguardian.com/workspace/112192/incidents/649542
2021-05-03 16:31:23+00:00	v0HFPTFbePGSs7HzqFSigUBY7FT3HYDwTV/ZoqEZkec/7090fma8ieOEhD7igl+v	Generic Password		https://github.com/InfosecRD/SecretBench	InfosecRD/SecretBench	https://github.com/InfosecRD/SecretBench/commit/7538083424579401ef3c98c266d833e039c24114	7538083424579401ef3c98c266d833e039c24114	Ryan Delaney	ryan.delaney@owasp.org	battery/passwords.py	649542	https://dashboard.gitguardian.com/workspace/112192/incidents/649542
2021-05-03 16:31:23+00:00	v0HFPTFbePGSs7HzqFSigUBY7FT3HYDwTV/ZoqEZkec/7090fma8ieOEhD7igl+v	Generic Password		https://github.com/InfosecRD/SecretBench	InfosecRD/SecretBench	https://github.com/InfosecRD/SecretBench/commit/7538083424579401ef3c98c266d833e039c24114	7538083424579401ef3c98c266d833e039c24114	Ryan Delaney	ryan.delaney@owasp.org	battery/passwords.sh	649542	https://dashboard.gitguardian.com/workspace/112192/incidents/649542
2021-05-03 16:31:23+00:00	v0HFPTFbePGSs7HzqFSigUBY7FT3HYDwTV/ZoqEZkec/7090fma8ieOEhD7igl+v	Generic Password		https://github.com/InfosecRD/SecretBench	InfosecRD/SecretBench	https://github.com/InfosecRD/SecretBench/commit/7538083424579401ef3c98c266d833e039c24114	7538083424579401ef3c98c266d833e039c24114	Ryan Delaney	ryan.delaney@owasp.org	battery/passwords.txt	649542	https://dashboard.gitguardian.com/workspace/112192/incidents/649542
2021-05-03 16:31:23+00:00	UjLD7Ue4VLgdOET8PNMYXHwyMjFQZo8sTS87jiqeiTyRgAstp+KkPCNpyNbtXqJM	Generic High Entropy Secret		https://github.com/InfosecRD/SecretBench	InfosecRD/SecretBench	https://github.com/InfosecRD/SecretBench/commit/7538083424579401ef3c98c266d833e039c24114	7538083424579401ef3c98c266d833e039c24114	Ryan Delaney	ryan.delaney@owasp.org	battery/passwords.sh	649541	https://dashboard.gitguardian.com/workspace/112192/incidents/649541
2021-05-03 16:31:23+00:00	UjLD7Ue4VLgdOET8PNMYXHwyMjFQZo8sTS87jiqeiTyRgAstp+KkPCNpyNbtXqJM	Generic High Entropy Secret		https://github.com/InfosecRD/SecretBench	InfosecRD/SecretBench	https://github.com/InfosecRD/SecretBench/commit/7538083424579401ef3c98c266d833e039c24114	7538083424579401ef3c98c266d833e039c24114	Ryan Delaney	ryan.delaney@owasp.org	battery/passwords.sh	649541	https://dashboard.gitguardian.com/workspace/112192/incidents/649541
2021-05-03 16:31:23+00:00	UjLD7Ue4VLgdOET8PNMYXHwyMjFQZo8sTS87jiqeiTyRgAstp+KkPCNpyNbtXqJM	Generic High Entropy Secret		https://github.com/InfosecRD/SecretBench	InfosecRD/SecretBench	https://github.com/InfosecRD/SecretBench/commit/7538083424579401ef3c98c266d833e039c24114	7538083424579401ef3c98c266d833e039c24114	Ryan Delaney	ryan.delaney@owasp.org	battery/passwords.txt	649541	https://dashboard.gitguardian.com/workspace/112192/incidents/649541
2021-05-03 16:31:23+00:00	UjLD7Ue4VLgdOET8PNMYXHwyMjFQZo8sTS87jiqeiTyRgAstp+KkPCNpyNbtXqJM	Generic High Entropy Secret		https://github.com/InfosecRD/SecretBench	InfosecRD/SecretBench	https://github.com/InfosecRD/SecretBench/commit/7538083424579401ef3c98c266d833e039c24114	7538083424579401ef3c98c266d833e039c24114	Ryan Delaney	ryan.delaney@owasp.org	battery/passwords.txt	649541	https://dashboard.gitguardian.com/workspace/112192/incidents/649541
2021-05-03 16:31:23+00:00	UjLD7Ue4VLgdOET8PNMYXHwyMjFQZo8sTS87jiqeiTyRgAstp+KkPCNpyNbtXqJM	Generic High Entropy Secret		https://github.com/InfosecRD/SecretBench	InfosecRD/SecretBench	https://github.com/InfosecRD/SecretBench/commit/7538083424579401ef3c98c266d833e039c24114	7538083424579401ef3c98c266d833e039c24114	Ryan Delaney	ryan.delaney@owasp.org	battery/passwords.txt	649541	https://dashboard.gitguardian.com/workspace/112192/incidents/649541
2021-05-03 16:31:23+00:00	UjLD7Ue4VLgdOET8PNMYXHwyMjFQZo8sTS87jiqeiTyRgAstp+KkPCNpyNbtXqJM	Generic High Entropy Secret		https://github.com/InfosecRD/SecretBench	InfosecRD/SecretBench	https://github.com/InfosecRD/SecretBench/commit/7538083424579401ef3c98c266d833e039c24114	7538083424579401ef3c98c266d833e039c24114	Ryan Delaney	ryan.delaney@owasp.org	battery/passwords.txt	649541	https://dashboard.gitguardian.com/workspace/112192/incidents/649541
2021-05-03 16:31:23+00:00	UjLD7Ue4VLgdOET8PNMYXHwyMjFQZo8sTS87jiqeiTyRgAstp+KkPCNpyNbtXqJM	Generic High Entropy Secret		https://github.com/InfosecRD/SecretBench	InfosecRD/SecretBench	https://github.com/InfosecRD/SecretBench/commit/7538083424579401ef3c98c266d833e039c24114	7538083424579401ef3c98c266d833e039c24114	Ryan Delaney	ryan.delaney@owasp.org	battery/passwords.txt	649541	https://dashboard.gitguardian.com/workspace/112192/incidents/649541
2021-05-03 16:31:23+00:00	UjLD7Ue4VLgdOET8PNMYXHwyMjFQZo8sTS87jiqeiTyRgAstp+KkPCNpyNbtXqJM	Generic High Entropy Secret		https://github.com/InfosecRD/SecretBench	InfosecRD/SecretBench	https://github.com/InfosecRD/SecretBench/commit/7538083424579401ef3c98c266d833e039c24114	7538083424579401ef3c98c266d833e039c24114	Ryan Delaney	ryan.delaney@owasp.org	battery/passwords.py	649541	https://dashboard.gitguardian.com/workspace/112192/incidents/649541
2021-05-03 16:31:23+00:00	UjLD7Ue4VLgdOET8PNMYXHwyMjFQZo8sTS87jiqeiTyRgAstp+KkPCNpyNbtXqJM	Generic High Entropy Secret		https://github.com/InfosecRD/SecretBench	InfosecRD/SecretBench	https://github.com/InfosecRD/SecretBench/commit/7538083424579401ef3c98c266d833e039c24114	7538083424579401ef3c98c266d833e039c24114	Ryan Delaney	ryan.delaney@owasp.org	battery/passwords.py	649541	https://dashboard.gitguardian.com/workspace/112192/incidents/649541
2021-05-03 16:31:23+00:00	UjLD7Ue4VLgdOET8PNMYXHwyMjFQZo8sTS87jiqeiTyRgAstp+KkPCNpyNbtXqJM	Generic High Entropy Secret		https://github.com/InfosecRD/SecretBench	InfosecRD/SecretBench	https://github.com/InfosecRD/SecretBench/commit/7538083424579401ef3c98c266d833e039c24114	7538083424579401ef3c98c266d833e039c24114	Ryan Delaney	ryan.delaney@owasp.org	battery/passwords.py	649541	https://dashboard.gitguardian.com/workspace/112192/incidents/649541
2021-05-03 16:31:23+00:00	UjLD7Ue4VLgdOET8PNMYXHwyMjFQZo8sTS87jiqeiTyRgAstp+KkPCNpyNbtXqJM	Generic High Entropy Secret		https://github.com/InfosecRD/SecretBench	InfosecRD/SecretBench	https://github.com/InfosecRD/SecretBench/commit/7538083424579401ef3c98c266d833e039c24114	7538083424579401ef3c98c266d833e039c24114	Ryan Delaney	ryan.delaney@owasp.org	battery/passwords.py	649541	https://dashboard.gitguardian.com/workspace/112192/incidents/649541
2021-05-03 16:31:23+00:00	UjLD7Ue4VLgdOET8PNMYXHwyMjFQZo8sTS87jiqeiTyRgAstp+KkPCNpyNbtXqJM	Generic High Entropy Secret		https://github.com/InfosecRD/SecretBench	InfosecRD/SecretBench	https://github.com/InfosecRD/SecretBench/commit/7538083424579401ef3c98c266d833e039c24114	7538083424579401ef3c98c266d833e039c24114	Ryan Delaney	ryan.delaney@owasp.org	battery/passwords.sh	649541	https://dashboard.gitguardian.com/workspace/112192/incidents/649541
2021-05-03 16:31:23+00:00	UjLD7Ue4VLgdOET8PNMYXHwyMjFQZo8sTS87jiqeiTyRgAstp+KkPCNpyNbtXqJM	Generic High Entropy Secret		https://github.com/InfosecRD/SecretBench	InfosecRD/SecretBench	https://github.com/InfosecRD/SecretBench/commit/7538083424579401ef3c98c266d833e039c24114	7538083424579401ef3c98c266d833e039c24114	Ryan Delaney	ryan.delaney@owasp.org	battery/passwords.sh	649541	https://dashboard.gitguardian.com/workspace/112192/incidents/649541
2021-05-03 16:31:23+00:00	UjLD7Ue4VLgdOET8PNMYXHwyMjFQZo8sTS87jiqeiTyRgAstp+KkPCNpyNbtXqJM	Generic High Entropy Secret		https://github.com/InfosecRD/SecretBench	InfosecRD/SecretBench	https://github.com/InfosecRD/SecretBench/commit/7538083424579401ef3c98c266d833e039c24114	7538083424579401ef3c98c266d833e039c24114	Ryan Delaney	ryan.delaney@owasp.org	battery/passwords.sh	649541	https://dashboard.gitguardian.com/workspace/112192/incidents/649541
2021-05-03 16:31:23+00:00	UjLD7Ue4VLgdOET8PNMYXHwyMjFQZo8sTS87jiqeiTyRgAstp+KkPCNpyNbtXqJM	Generic High Entropy Secret		https://github.com/InfosecRD/SecretBench	InfosecRD/SecretBench	https://github.com/InfosecRD/SecretBench/commit/7538083424579401ef3c98c266d833e039c24114	7538083424579401ef3c98c266d833e039c24114	Ryan Delaney	ryan.delaney@owasp.org	battery/passwords.c	649541	https://dashboard.gitguardian.com/workspace/112192/incidents/649541
2021-05-03 16:31:23+00:00	UjLD7Ue4VLgdOET8PNMYXHwyMjFQZo8sTS87jiqeiTyRgAstp+KkPCNpyNbtXqJM	Generic High Entropy Secret		https://github.com/InfosecRD/SecretBench	InfosecRD/SecretBench	https://github.com/InfosecRD/SecretBench/commit/7538083424579401ef3c98c266d833e039c24114	7538083424579401ef3c98c266d833e039c24114	Ryan Delaney	ryan.delaney@owasp.org	battery/passwords.c	649541	https://dashboard.gitguardian.com/workspace/112192/incidents/649541
2021-05-03 16:31:23+00:00	UjLD7Ue4VLgdOET8PNMYXHwyMjFQZo8sTS87jiqeiTyRgAstp+KkPCNpyNbtXqJM	Generic High Entropy Secret		https://github.com/InfosecRD/SecretBench	InfosecRD/SecretBench	https://github.com/InfosecRD/SecretBench/commit/7538083424579401ef3c98c266d833e039c24114	7538083424579401ef3c98c266d833e039c24114	Ryan Delaney	ryan.delaney@owasp.org	battery/passwords.c	649541	https://dashboard.gitguardian.com/workspace/112192/incidents/649541
2021-05-03 16:31:23+00:00	UjLD7Ue4VLgdOET8PNMYXHwyMjFQZo8sTS87jiqeiTyRgAstp+KkPCNpyNbtXqJM	Generic High Entropy Secret		https://github.com/InfosecRD/SecretBench	InfosecRD/SecretBench	https://github.com/InfosecRD/SecretBench/commit/7538083424579401ef3c98c266d833e039c24114	7538083424579401ef3c98c266d833e039c24114	Ryan Delaney	ryan.delaney@owasp.org	battery/passwords.c	649541	https://dashboard.gitguardian.com/workspace/112192/incidents/649541
2021-05-03 16:31:23+00:00	UjLD7Ue4VLgdOET8PNMYXHwyMjFQZo8sTS87jiqeiTyRgAstp+KkPCNpyNbtXqJM	Generic High Entropy Secret		https://github.com/InfosecRD/SecretBench	InfosecRD/SecretBench	https://github.com/InfosecRD/SecretBench/commit/7538083424579401ef3c98c266d833e039c24114	7538083424579401ef3c98c266d833e039c24114	Ryan Delaney	ryan.delaney@owasp.org	battery/passwords.c	649541	https://dashboard.gitguardian.com/workspace/112192/incidents/649541
2021-05-03 16:31:23+00:00	UjLD7Ue4VLgdOET8PNMYXHwyMjFQZo8sTS87jiqeiTyRgAstp+KkPCNpyNbtXqJM	Generic High Entropy Secret		https://github.com/InfosecRD/SecretBench	InfosecRD/SecretBench	https://github.com/InfosecRD/SecretBench/commit/7538083424579401ef3c98c266d833e039c24114	7538083424579401ef3c98c266d833e039c24114	Ryan Delaney	ryan.delaney@owasp.org	battery/passwords.cpp	649541	https://dashboard.gitguardian.com/workspace/112192/incidents/649541
2021-05-03 16:31:23+00:00	UjLD7Ue4VLgdOET8PNMYXHwyMjFQZo8sTS87jiqeiTyRgAstp+KkPCNpyNbtXqJM	Generic High Entropy Secret		https://github.com/InfosecRD/SecretBench	InfosecRD/SecretBench	https://github.com/InfosecRD/SecretBench/commit/7538083424579401ef3c98c266d833e039c24114	7538083424579401ef3c98c266d833e039c24114	Ryan Delaney	ryan.delaney@owasp.org	battery/passwords.cpp	649541	https://dashboard.gitguardian.com/workspace/112192/incidents/649541
2021-05-03 16:31:23+00:00	UjLD7Ue4VLgdOET8PNMYXHwyMjFQZo8sTS87jiqeiTyRgAstp+KkPCNpyNbtXqJM	Generic High Entropy Secret		https://github.com/InfosecRD/SecretBench	InfosecRD/SecretBench	https://github.com/InfosecRD/SecretBench/commit/7538083424579401ef3c98c266d833e039c24114	7538083424579401ef3c98c266d833e039c24114	Ryan Delaney	ryan.delaney@owasp.org	battery/passwords.cpp	649541	https://dashboard.gitguardian.com/workspace/112192/incidents/649541
2021-05-03 16:31:23+00:00	UjLD7Ue4VLgdOET8PNMYXHwyMjFQZo8sTS87jiqeiTyRgAstp+KkPCNpyNbtXqJM	Generic High Entropy Secret		https://github.com/InfosecRD/SecretBench	InfosecRD/SecretBench	https://github.com/InfosecRD/SecretBench/commit/7538083424579401ef3c98c266d833e039c24114	7538083424579401ef3c98c266d833e039c24114	Ryan Delaney	ryan.delaney@owasp.org	battery/passwords.cpp	649541	https://dashboard.gitguardian.com/workspace/112192/incidents/649541
2021-05-03 16:31:23+00:00	UjLD7Ue4VLgdOET8PNMYXHwyMjFQZo8sTS87jiqeiTyRgAstp+KkPCNpyNbtXqJM	Generic High Entropy Secret		https://github.com/InfosecRD/SecretBench	InfosecRD/SecretBench	https://github.com/InfosecRD/SecretBench/commit/7538083424579401ef3c98c266d833e039c24114	7538083424579401ef3c98c266d833e039c24114	Ryan Delaney	ryan.delaney@owasp.org	battery/passwords.cpp	649541	https://dashboard.gitguardian.com/workspace/112192/incidents/649541
2021-05-03 16:31:23+00:00	UjLD7Ue4VLgdOET8PNMYXHwyMjFQZo8sTS87jiqeiTyRgAstp+KkPCNpyNbtXqJM	Generic High Entropy Secret		https://github.com/InfosecRD/SecretBench	InfosecRD/SecretBench	https://github.com/InfosecRD/SecretBench/commit/7538083424579401ef3c98c266d833e039c24114	7538083424579401ef3c98c266d833e039c24114	Ryan Delaney	ryan.delaney@owasp.org	battery/passwords.js	649541	https://dashboard.gitguardian.com/workspace/112192/incidents/649541
2021-05-03 16:31:23+00:00	UjLD7Ue4VLgdOET8PNMYXHwyMjFQZo8sTS87jiqeiTyRgAstp+KkPCNpyNbtXqJM	Generic High Entropy Secret		https://github.com/InfosecRD/SecretBench	InfosecRD/SecretBench	https://github.com/InfosecRD/SecretBench/commit/7538083424579401ef3c98c266d833e039c24114	7538083424579401ef3c98c266d833e039c24114	Ryan Delaney	ryan.delaney@owasp.org	battery/passwords.js	649541	https://dashboard.gitguardian.com/workspace/112192/incidents/649541
2021-05-03 16:31:23+00:00	UjLD7Ue4VLgdOET8PNMYXHwyMjFQZo8sTS87jiqeiTyRgAstp+KkPCNpyNbtXqJM	Generic High Entropy Secret		https://github.com/InfosecRD/SecretBench	InfosecRD/SecretBench	https://github.com/InfosecRD/SecretBench/commit/7538083424579401ef3c98c266d833e039c24114	7538083424579401ef3c98c266d833e039c24114	Ryan Delaney	ryan.delaney@owasp.org	battery/passwords.js	649541	https://dashboard.gitguardian.com/workspace/112192/incidents/649541
2021-05-03 16:31:23+00:00	UjLD7Ue4VLgdOET8PNMYXHwyMjFQZo8sTS87jiqeiTyRgAstp+KkPCNpyNbtXqJM	Generic High Entropy Secret		https://github.com/InfosecRD/SecretBench	InfosecRD/SecretBench	https://github.com/InfosecRD/SecretBench/commit/7538083424579401ef3c98c266d833e039c24114	7538083424579401ef3c98c266d833e039c24114	Ryan Delaney	ryan.delaney@owasp.org	battery/passwords.js	649541	https://dashboard.gitguardian.com/workspace/112192/incidents/649541
2021-05-03 16:31:23+00:00	UjLD7Ue4VLgdOET8PNMYXHwyMjFQZo8sTS87jiqeiTyRgAstp+KkPCNpyNbtXqJM	Generic High Entropy Secret		https://github.com/InfosecRD/SecretBench	InfosecRD/SecretBench	https://github.com/InfosecRD/SecretBench/commit/7538083424579401ef3c98c266d833e039c24114	7538083424579401ef3c98c266d833e039c24114	Ryan Delaney	ryan.delaney@owasp.org	battery/passwords.js	649541	https://dashboard.gitguardian.com/workspace/112192/incidents/649541
2021-05-03 16:31:23+00:00	UjLD7Ue4VLgdOET8PNMYXHwyMjFQZo8sTS87jiqeiTyRgAstp+KkPCNpyNbtXqJM	Generic High Entropy Secret		https://github.com/InfosecRD/SecretBench	InfosecRD/SecretBench	https://github.com/InfosecRD/SecretBench/commit/7538083424579401ef3c98c266d833e039c24114	7538083424579401ef3c98c266d833e039c24114	Ryan Delaney	ryan.delaney@owasp.org	battery/passwords.ps1	649541	https://dashboard.gitguardian.com/workspace/112192/incidents/649541
2021-05-03 16:31:23+00:00	UjLD7Ue4VLgdOET8PNMYXHwyMjFQZo8sTS87jiqeiTyRgAstp+KkPCNpyNbtXqJM	Generic High Entropy Secret		https://github.com/InfosecRD/SecretBench	InfosecRD/SecretBench	https://github.com/InfosecRD/SecretBench/commit/7538083424579401ef3c98c266d833e039c24114	7538083424579401ef3c98c266d833e039c24114	Ryan Delaney	ryan.delaney@owasp.org	battery/passwords.ps1	649541	https://dashboard.gitguardian.com/workspace/112192/incidents/649541
2021-05-03 16:31:23+00:00	UjLD7Ue4VLgdOET8PNMYXHwyMjFQZo8sTS87jiqeiTyRgAstp+KkPCNpyNbtXqJM	Generic High Entropy Secret		https://github.com/InfosecRD/SecretBench	InfosecRD/SecretBench	https://github.com/InfosecRD/SecretBench/commit/7538083424579401ef3c98c266d833e039c24114	7538083424579401ef3c98c266d833e039c24114	Ryan Delaney	ryan.delaney@owasp.org	battery/passwords.ps1	649541	https://dashboard.gitguardian.com/workspace/112192/incidents/649541
2021-05-03 16:31:23+00:00	UjLD7Ue4VLgdOET8PNMYXHwyMjFQZo8sTS87jiqeiTyRgAstp+KkPCNpyNbtXqJM	Generic High Entropy Secret		https://github.com/InfosecRD/SecretBench	InfosecRD/SecretBench	https://github.com/InfosecRD/SecretBench/commit/7538083424579401ef3c98c266d833e039c24114	7538083424579401ef3c98c266d833e039c24114	Ryan Delaney	ryan.delaney@owasp.org	battery/passwords.ps1	649541	https://dashboard.gitguardian.com/workspace/112192/incidents/649541
2021-05-03 16:31:23+00:00	UjLD7Ue4VLgdOET8PNMYXHwyMjFQZo8sTS87jiqeiTyRgAstp+KkPCNpyNbtXqJM	Generic High Entropy Secret		https://github.com/InfosecRD/SecretBench	InfosecRD/SecretBench	https://github.com/InfosecRD/SecretBench/commit/7538083424579401ef3c98c266d833e039c24114	7538083424579401ef3c98c266d833e039c24114	Ryan Delaney	ryan.delaney@owasp.org	battery/passwords.ps1	649541	https://dashboard.gitguardian.com/workspace/112192/incidents/649541
2021-05-03 16:31:23+00:00	UjLD7Ue4VLgdOET8PNMYXHwyMjFQZo8sTS87jiqeiTyRgAstp+KkPCNpyNbtXqJM	Generic High Entropy Secret		https://github.com/InfosecRD/SecretBench	InfosecRD/SecretBench	https://github.com/InfosecRD/SecretBench/commit/7538083424579401ef3c98c266d833e039c24114	7538083424579401ef3c98c266d833e039c24114	Ryan Delaney	ryan.delaney@owasp.org	battery/passwords.py	649541	https://dashboard.gitguardian.com/workspace/112192/incidents/649541
2021-05-03 16:31:23+00:00	5BsKY//rMkS0w+na6BOzZIZzIO51u4P/lsbirIF9e80VNiYdp+KkPCNpyNbtXqJM	Generic High Entropy Secret		https://github.com/InfosecRD/SecretBench	InfosecRD/SecretBench	https://github.com/InfosecRD/SecretBench/commit/7538083424579401ef3c98c266d833e039c24114	7538083424579401ef3c98c266d833e039c24114	Ryan Delaney	ryan.delaney@owasp.org	battery/passwords.txt	649540	https://dashboard.gitguardian.com/workspace/112192/incidents/649540
2021-05-03 16:31:23+00:00	5BsKY//rMkS0w+na6BOzZIZzIO51u4P/lsbirIF9e80VNiYdp+KkPCNpyNbtXqJM	Generic High Entropy Secret		https://github.com/InfosecRD/SecretBench	InfosecRD/SecretBench	https://github.com/InfosecRD/SecretBench/commit/7538083424579401ef3c98c266d833e039c24114	7538083424579401ef3c98c266d833e039c24114	Ryan Delaney	ryan.delaney@owasp.org	battery/passwords.sh	649540	https://dashboard.gitguardian.com/workspace/112192/incidents/649540
2021-05-03 16:31:23+00:00	5BsKY//rMkS0w+na6BOzZIZzIO51u4P/lsbirIF9e80VNiYdp+KkPCNpyNbtXqJM	Generic High Entropy Secret		https://github.com/InfosecRD/SecretBench	InfosecRD/SecretBench	https://github.com/InfosecRD/SecretBench/commit/7538083424579401ef3c98c266d833e039c24114	7538083424579401ef3c98c266d833e039c24114	Ryan Delaney	ryan.delaney@owasp.org	battery/passwords.py	649540	https://dashboard.gitguardian.com/workspace/112192/incidents/649540
2021-05-03 16:31:23+00:00	5BsKY//rMkS0w+na6BOzZIZzIO51u4P/lsbirIF9e80VNiYdp+KkPCNpyNbtXqJM	Generic High Entropy Secret		https://github.com/InfosecRD/SecretBench	InfosecRD/SecretBench	https://github.com/InfosecRD/SecretBench/commit/7538083424579401ef3c98c266d833e039c24114	7538083424579401ef3c98c266d833e039c24114	Ryan Delaney	ryan.delaney@owasp.org	battery/passwords.ps1	649540	https://dashboard.gitguardian.com/workspace/112192/incidents/649540
2021-05-03 16:31:23+00:00	5BsKY//rMkS0w+na6BOzZIZzIO51u4P/lsbirIF9e80VNiYdp+KkPCNpyNbtXqJM	Generic High Entropy Secret		https://github.com/InfosecRD/SecretBench	InfosecRD/SecretBench	https://github.com/InfosecRD/SecretBench/commit/7538083424579401ef3c98c266d833e039c24114	7538083424579401ef3c98c266d833e039c24114	Ryan Delaney	ryan.delaney@owasp.org	battery/passwords.js	649540	https://dashboard.gitguardian.com/workspace/112192/incidents/649540
2021-05-03 16:31:23+00:00	5BsKY//rMkS0w+na6BOzZIZzIO51u4P/lsbirIF9e80VNiYdp+KkPCNpyNbtXqJM	Generic High Entropy Secret		https://github.com/InfosecRD/SecretBench	InfosecRD/SecretBench	https://github.com/InfosecRD/SecretBench/commit/7538083424579401ef3c98c266d833e039c24114	7538083424579401ef3c98c266d833e039c24114	Ryan Delaney	ryan.delaney@owasp.org	battery/passwords.cpp	649540	https://dashboard.gitguardian.com/workspace/112192/incidents/649540
2021-05-03 16:31:23+00:00	5BsKY//rMkS0w+na6BOzZIZzIO51u4P/lsbirIF9e80VNiYdp+KkPCNpyNbtXqJM	Generic High Entropy Secret		https://github.com/InfosecRD/SecretBench	InfosecRD/SecretBench	https://github.com/InfosecRD/SecretBench/commit/7538083424579401ef3c98c266d833e039c24114	7538083424579401ef3c98c266d833e039c24114	Ryan Delaney	ryan.delaney@owasp.org	battery/passwords.c	649540	https://dashboard.gitguardian.com/workspace/112192/incidents/649540
2021-05-03 16:31:23+00:00	lKzKzG3d1LoJBu8xUltg21S+mhtZzl+TbQXn/MiIADnNyLwop+KkPCNpyNbtXqJM	Generic High Entropy Secret		https://github.com/InfosecRD/SecretBench	InfosecRD/SecretBench	https://github.com/InfosecRD/SecretBench/commit/7538083424579401ef3c98c266d833e039c24114	7538083424579401ef3c98c266d833e039c24114	Ryan Delaney	ryan.delaney@owasp.org	battery/passwords.txt	649539	https://dashboard.gitguardian.com/workspace/112192/incidents/649539
2021-05-03 16:31:23+00:00	lKzKzG3d1LoJBu8xUltg21S+mhtZzl+TbQXn/MiIADnNyLwop+KkPCNpyNbtXqJM	Generic High Entropy Secret		https://github.com/InfosecRD/SecretBench	InfosecRD/SecretBench	https://github.com/InfosecRD/SecretBench/commit/7538083424579401ef3c98c266d833e039c24114	7538083424579401ef3c98c266d833e039c24114	Ryan Delaney	ryan.delaney@owasp.org	battery/passwords.sh	649539	https://dashboard.gitguardian.com/workspace/112192/incidents/649539
2021-05-03 16:31:23+00:00	lKzKzG3d1LoJBu8xUltg21S+mhtZzl+TbQXn/MiIADnNyLwop+KkPCNpyNbtXqJM	Generic High Entropy Secret		https://github.com/InfosecRD/SecretBench	InfosecRD/SecretBench	https://github.com/InfosecRD/SecretBench/commit/7538083424579401ef3c98c266d833e039c24114	7538083424579401ef3c98c266d833e039c24114	Ryan Delaney	ryan.delaney@owasp.org	battery/passwords.py	649539	https://dashboard.gitguardian.com/workspace/112192/incidents/649539
2021-05-03 16:31:23+00:00	lKzKzG3d1LoJBu8xUltg21S+mhtZzl+TbQXn/MiIADnNyLwop+KkPCNpyNbtXqJM	Generic High Entropy Secret		https://github.com/InfosecRD/SecretBench	InfosecRD/SecretBench	https://github.com/InfosecRD/SecretBench/commit/7538083424579401ef3c98c266d833e039c24114	7538083424579401ef3c98c266d833e039c24114	Ryan Delaney	ryan.delaney@owasp.org	battery/passwords.ps1	649539	https://dashboard.gitguardian.com/workspace/112192/incidents/649539
2021-05-03 16:31:23+00:00	lKzKzG3d1LoJBu8xUltg21S+mhtZzl+TbQXn/MiIADnNyLwop+KkPCNpyNbtXqJM	Generic High Entropy Secret		https://github.com/InfosecRD/SecretBench	InfosecRD/SecretBench	https://github.com/InfosecRD/SecretBench/commit/7538083424579401ef3c98c266d833e039c24114	7538083424579401ef3c98c266d833e039c24114	Ryan Delaney	ryan.delaney@owasp.org	battery/passwords.js	649539	https://dashboard.gitguardian.com/workspace/112192/incidents/649539
2021-05-03 16:31:23+00:00	lKzKzG3d1LoJBu8xUltg21S+mhtZzl+TbQXn/MiIADnNyLwop+KkPCNpyNbtXqJM	Generic High Entropy Secret		https://github.com/InfosecRD/SecretBench	InfosecRD/SecretBench	https://github.com/InfosecRD/SecretBench/commit/7538083424579401ef3c98c266d833e039c24114	7538083424579401ef3c98c266d833e039c24114	Ryan Delaney	ryan.delaney@owasp.org	battery/passwords.cpp	649539	https://dashboard.gitguardian.com/workspace/112192/incidents/649539
2021-05-03 16:31:23+00:00	lKzKzG3d1LoJBu8xUltg21S+mhtZzl+TbQXn/MiIADnNyLwop+KkPCNpyNbtXqJM	Generic High Entropy Secret		https://github.com/InfosecRD/SecretBench	InfosecRD/SecretBench	https://github.com/InfosecRD/SecretBench/commit/7538083424579401ef3c98c266d833e039c24114	7538083424579401ef3c98c266d833e039c24114	Ryan Delaney	ryan.delaney@owasp.org	battery/passwords.c	649539	https://dashboard.gitguardian.com/workspace/112192/incidents/649539
2021-05-03 16:31:23+00:00	4b3WpRYD9U4zLCmf5UinKYndQ16zaD2s/Z3/fmKHGh8BB08Lp+KkPCNpyNbtXqJM	Generic High Entropy Secret		https://github.com/InfosecRD/SecretBench	InfosecRD/SecretBench	https://github.com/InfosecRD/SecretBench/commit/7538083424579401ef3c98c266d833e039c24114	7538083424579401ef3c98c266d833e039c24114	Ryan Delaney	ryan.delaney@owasp.org	battery/passwords.c	649538	https://dashboard.gitguardian.com/workspace/112192/incidents/649538
2021-05-03 16:31:23+00:00	4b3WpRYD9U4zLCmf5UinKYndQ16zaD2s/Z3/fmKHGh8BB08Lp+KkPCNpyNbtXqJM	Generic High Entropy Secret		https://github.com/InfosecRD/SecretBench	InfosecRD/SecretBench	https://github.com/InfosecRD/SecretBench/commit/7538083424579401ef3c98c266d833e039c24114	7538083424579401ef3c98c266d833e039c24114	Ryan Delaney	ryan.delaney@owasp.org	battery/passwords.cpp	649538	https://dashboard.gitguardian.com/workspace/112192/incidents/649538
2021-05-03 16:31:23+00:00	4b3WpRYD9U4zLCmf5UinKYndQ16zaD2s/Z3/fmKHGh8BB08Lp+KkPCNpyNbtXqJM	Generic High Entropy Secret		https://github.com/InfosecRD/SecretBench	InfosecRD/SecretBench	https://github.com/InfosecRD/SecretBench/commit/7538083424579401ef3c98c266d833e039c24114	7538083424579401ef3c98c266d833e039c24114	Ryan Delaney	ryan.delaney@owasp.org	battery/passwords.js	649538	https://dashboard.gitguardian.com/workspace/112192/incidents/649538
2021-05-03 16:31:23+00:00	4b3WpRYD9U4zLCmf5UinKYndQ16zaD2s/Z3/fmKHGh8BB08Lp+KkPCNpyNbtXqJM	Generic High Entropy Secret		https://github.com/InfosecRD/SecretBench	InfosecRD/SecretBench	https://github.com/InfosecRD/SecretBench/commit/7538083424579401ef3c98c266d833e039c24114	7538083424579401ef3c98c266d833e039c24114	Ryan Delaney	ryan.delaney@owasp.org	battery/passwords.ps1	649538	https://dashboard.gitguardian.com/workspace/112192/incidents/649538
2021-05-03 16:31:23+00:00	4b3WpRYD9U4zLCmf5UinKYndQ16zaD2s/Z3/fmKHGh8BB08Lp+KkPCNpyNbtXqJM	Generic High Entropy Secret		https://github.com/InfosecRD/SecretBench	InfosecRD/SecretBench	https://github.com/InfosecRD/SecretBench/commit/7538083424579401ef3c98c266d833e039c24114	7538083424579401ef3c98c266d833e039c24114	Ryan Delaney	ryan.delaney@owasp.org	battery/passwords.py	649538	https://dashboard.gitguardian.com/workspace/112192/incidents/649538
2021-05-03 16:31:23+00:00	4b3WpRYD9U4zLCmf5UinKYndQ16zaD2s/Z3/fmKHGh8BB08Lp+KkPCNpyNbtXqJM	Generic High Entropy Secret		https://github.com/InfosecRD/SecretBench	InfosecRD/SecretBench	https://github.com/InfosecRD/SecretBench/commit/7538083424579401ef3c98c266d833e039c24114	7538083424579401ef3c98c266d833e039c24114	Ryan Delaney	ryan.delaney@owasp.org	battery/passwords.sh	649538	https://dashboard.gitguardian.com/workspace/112192/incidents/649538
2021-05-03 16:31:23+00:00	4b3WpRYD9U4zLCmf5UinKYndQ16zaD2s/Z3/fmKHGh8BB08Lp+KkPCNpyNbtXqJM	Generic High Entropy Secret		https://github.com/InfosecRD/SecretBench	InfosecRD/SecretBench	https://github.com/InfosecRD/SecretBench/commit/7538083424579401ef3c98c266d833e039c24114	7538083424579401ef3c98c266d833e039c24114	Ryan Delaney	ryan.delaney@owasp.org	battery/passwords.txt	649538	https://dashboard.gitguardian.com/workspace/112192/incidents/649538
2021-05-03 16:31:23+00:00	vmlHZHfw+GRFio/Hb3yuKkKpx1ffVVmse1UFggUBhXCNRjpaYC6DqsbO/0M9VSPr	Base64 Basic Authentication		https://github.com/InfosecRD/SecretBench	InfosecRD/SecretBench	https://github.com/InfosecRD/SecretBench/commit/7538083424579401ef3c98c266d833e039c24114	7538083424579401ef3c98c266d833e039c24114	Ryan Delaney	ryan.delaney@owasp.org	battery/passwords.c	649537	https://dashboard.gitguardian.com/workspace/112192/incidents/649537
2021-05-03 16:31:23+00:00	vmlHZHfw+GRFio/Hb3yuKkKpx1ffVVmse1UFggUBhXCNRjpaYC6DqsbO/0M9VSPr	Base64 Basic Authentication		https://github.com/InfosecRD/SecretBench	InfosecRD/SecretBench	https://github.com/InfosecRD/SecretBench/commit/7538083424579401ef3c98c266d833e039c24114	7538083424579401ef3c98c266d833e039c24114	Ryan Delaney	ryan.delaney@owasp.org	battery/passwords.c	649537	https://dashboard.gitguardian.com/workspace/112192/incidents/649537
2021-05-03 16:31:23+00:00	vmlHZHfw+GRFio/Hb3yuKkKpx1ffVVmse1UFggUBhXCNRjpaYC6DqsbO/0M9VSPr	Base64 Basic Authentication		https://github.com/InfosecRD/SecretBench	InfosecRD/SecretBench	https://github.com/InfosecRD/SecretBench/commit/7538083424579401ef3c98c266d833e039c24114	7538083424579401ef3c98c266d833e039c24114	Ryan Delaney	ryan.delaney@owasp.org	battery/passwords.c	649537	https://dashboard.gitguardian.com/workspace/112192/incidents/649537
2021-05-03 16:31:23+00:00	vmlHZHfw+GRFio/Hb3yuKkKpx1ffVVmse1UFggUBhXCNRjpaYC6DqsbO/0M9VSPr	Base64 Basic Authentication		https://github.com/InfosecRD/SecretBench	InfosecRD/SecretBench	https://github.com/InfosecRD/SecretBench/commit/7538083424579401ef3c98c266d833e039c24114	7538083424579401ef3c98c266d833e039c24114	Ryan Delaney	ryan.delaney@owasp.org	battery/passwords.cpp	649537	https://dashboard.gitguardian.com/workspace/112192/incidents/649537
2021-05-03 16:31:23+00:00	vmlHZHfw+GRFio/Hb3yuKkKpx1ffVVmse1UFggUBhXCNRjpaYC6DqsbO/0M9VSPr	Base64 Basic Authentication		https://github.com/InfosecRD/SecretBench	InfosecRD/SecretBench	https://github.com/InfosecRD/SecretBench/commit/7538083424579401ef3c98c266d833e039c24114	7538083424579401ef3c98c266d833e039c24114	Ryan Delaney	ryan.delaney@owasp.org	battery/passwords.cpp	649537	https://dashboard.gitguardian.com/workspace/112192/incidents/649537
2021-05-03 16:31:23+00:00	vmlHZHfw+GRFio/Hb3yuKkKpx1ffVVmse1UFggUBhXCNRjpaYC6DqsbO/0M9VSPr	Base64 Basic Authentication		https://github.com/InfosecRD/SecretBench	InfosecRD/SecretBench	https://github.com/InfosecRD/SecretBench/commit/7538083424579401ef3c98c266d833e039c24114	7538083424579401ef3c98c266d833e039c24114	Ryan Delaney	ryan.delaney@owasp.org	battery/passwords.cpp	649537	https://dashboard.gitguardian.com/workspace/112192/incidents/649537
2021-05-03 16:31:23+00:00	vmlHZHfw+GRFio/Hb3yuKkKpx1ffVVmse1UFggUBhXCNRjpaYC6DqsbO/0M9VSPr	Base64 Basic Authentication		https://github.com/InfosecRD/SecretBench	InfosecRD/SecretBench	https://github.com/InfosecRD/SecretBench/commit/7538083424579401ef3c98c266d833e039c24114	7538083424579401ef3c98c266d833e039c24114	Ryan Delaney	ryan.delaney@owasp.org	battery/passwords.js	649537	https://dashboard.gitguardian.com/workspace/112192/incidents/649537
2021-05-03 16:31:23+00:00	vmlHZHfw+GRFio/Hb3yuKkKpx1ffVVmse1UFggUBhXCNRjpaYC6DqsbO/0M9VSPr	Base64 Basic Authentication		https://github.com/InfosecRD/SecretBench	InfosecRD/SecretBench	https://github.com/InfosecRD/SecretBench/commit/7538083424579401ef3c98c266d833e039c24114	7538083424579401ef3c98c266d833e039c24114	Ryan Delaney	ryan.delaney@owasp.org	battery/passwords.js	649537	https://dashboard.gitguardian.com/workspace/112192/incidents/649537
2021-05-03 16:31:23+00:00	vmlHZHfw+GRFio/Hb3yuKkKpx1ffVVmse1UFggUBhXCNRjpaYC6DqsbO/0M9VSPr	Base64 Basic Authentication		https://github.com/InfosecRD/SecretBench	InfosecRD/SecretBench	https://github.com/InfosecRD/SecretBench/commit/7538083424579401ef3c98c266d833e039c24114	7538083424579401ef3c98c266d833e039c24114	Ryan Delaney	ryan.delaney@owasp.org	battery/passwords.js	649537	https://dashboard.gitguardian.com/workspace/112192/incidents/649537
2021-05-03 16:31:23+00:00	vmlHZHfw+GRFio/Hb3yuKkKpx1ffVVmse1UFggUBhXCNRjpaYC6DqsbO/0M9VSPr	Base64 Basic Authentication		https://github.com/InfosecRD/SecretBench	InfosecRD/SecretBench	https://github.com/InfosecRD/SecretBench/commit/7538083424579401ef3c98c266d833e039c24114	7538083424579401ef3c98c266d833e039c24114	Ryan Delaney	ryan.delaney@owasp.org	battery/passwords.ps1	649537	https://dashboard.gitguardian.com/workspace/112192/incidents/649537
2021-05-03 16:31:23+00:00	vmlHZHfw+GRFio/Hb3yuKkKpx1ffVVmse1UFggUBhXCNRjpaYC6DqsbO/0M9VSPr	Base64 Basic Authentication		https://github.com/InfosecRD/SecretBench	InfosecRD/SecretBench	https://github.com/InfosecRD/SecretBench/commit/7538083424579401ef3c98c266d833e039c24114	7538083424579401ef3c98c266d833e039c24114	Ryan Delaney	ryan.delaney@owasp.org	battery/passwords.ps1	649537	https://dashboard.gitguardian.com/workspace/112192/incidents/649537
2021-05-03 16:31:23+00:00	vmlHZHfw+GRFio/Hb3yuKkKpx1ffVVmse1UFggUBhXCNRjpaYC6DqsbO/0M9VSPr	Base64 Basic Authentication		https://github.com/InfosecRD/SecretBench	InfosecRD/SecretBench	https://github.com/InfosecRD/SecretBench/commit/7538083424579401ef3c98c266d833e039c24114	7538083424579401ef3c98c266d833e039c24114	Ryan Delaney	ryan.delaney@owasp.org	battery/passwords.ps1	649537	https://dashboard.gitguardian.com/workspace/112192/incidents/649537
2021-05-03 16:31:23+00:00	vmlHZHfw+GRFio/Hb3yuKkKpx1ffVVmse1UFggUBhXCNRjpaYC6DqsbO/0M9VSPr	Base64 Basic Authentication		https://github.com/InfosecRD/SecretBench	InfosecRD/SecretBench	https://github.com/InfosecRD/SecretBench/commit/7538083424579401ef3c98c266d833e039c24114	7538083424579401ef3c98c266d833e039c24114	Ryan Delaney	ryan.delaney@owasp.org	battery/passwords.py	649537	https://dashboard.gitguardian.com/workspace/112192/incidents/649537
2021-05-03 16:31:23+00:00	vmlHZHfw+GRFio/Hb3yuKkKpx1ffVVmse1UFggUBhXCNRjpaYC6DqsbO/0M9VSPr	Base64 Basic Authentication		https://github.com/InfosecRD/SecretBench	InfosecRD/SecretBench	https://github.com/InfosecRD/SecretBench/commit/7538083424579401ef3c98c266d833e039c24114	7538083424579401ef3c98c266d833e039c24114	Ryan Delaney	ryan.delaney@owasp.org	battery/passwords.py	649537	https://dashboard.gitguardian.com/workspace/112192/incidents/649537
2021-05-03 16:31:23+00:00	vmlHZHfw+GRFio/Hb3yuKkKpx1ffVVmse1UFggUBhXCNRjpaYC6DqsbO/0M9VSPr	Base64 Basic Authentication		https://github.com/InfosecRD/SecretBench	InfosecRD/SecretBench	https://github.com/InfosecRD/SecretBench/commit/7538083424579401ef3c98c266d833e039c24114	7538083424579401ef3c98c266d833e039c24114	Ryan Delaney	ryan.delaney@owasp.org	battery/passwords.py	649537	https://dashboard.gitguardian.com/workspace/112192/incidents/649537
2021-05-03 16:31:23+00:00	vmlHZHfw+GRFio/Hb3yuKkKpx1ffVVmse1UFggUBhXCNRjpaYC6DqsbO/0M9VSPr	Base64 Basic Authentication		https://github.com/InfosecRD/SecretBench	InfosecRD/SecretBench	https://github.com/InfosecRD/SecretBench/commit/7538083424579401ef3c98c266d833e039c24114	7538083424579401ef3c98c266d833e039c24114	Ryan Delaney	ryan.delaney@owasp.org	battery/passwords.sh	649537	https://dashboard.gitguardian.com/workspace/112192/incidents/649537
2021-05-03 16:31:23+00:00	vmlHZHfw+GRFio/Hb3yuKkKpx1ffVVmse1UFggUBhXCNRjpaYC6DqsbO/0M9VSPr	Base64 Basic Authentication		https://github.com/InfosecRD/SecretBench	InfosecRD/SecretBench	https://github.com/InfosecRD/SecretBench/commit/7538083424579401ef3c98c266d833e039c24114	7538083424579401ef3c98c266d833e039c24114	Ryan Delaney	ryan.delaney@owasp.org	battery/passwords.sh	649537	https://dashboard.gitguardian.com/workspace/112192/incidents/649537
2021-05-03 16:31:23+00:00	vmlHZHfw+GRFio/Hb3yuKkKpx1ffVVmse1UFggUBhXCNRjpaYC6DqsbO/0M9VSPr	Base64 Basic Authentication		https://github.com/InfosecRD/SecretBench	InfosecRD/SecretBench	https://github.com/InfosecRD/SecretBench/commit/7538083424579401ef3c98c266d833e039c24114	7538083424579401ef3c98c266d833e039c24114	Ryan Delaney	ryan.delaney@owasp.org	battery/passwords.sh	649537	https://dashboard.gitguardian.com/workspace/112192/incidents/649537
2021-05-03 16:31:23+00:00	vmlHZHfw+GRFio/Hb3yuKkKpx1ffVVmse1UFggUBhXCNRjpaYC6DqsbO/0M9VSPr	Base64 Basic Authentication		https://github.com/InfosecRD/SecretBench	InfosecRD/SecretBench	https://github.com/InfosecRD/SecretBench/commit/7538083424579401ef3c98c266d833e039c24114	7538083424579401ef3c98c266d833e039c24114	Ryan Delaney	ryan.delaney@owasp.org	battery/passwords.txt	649537	https://dashboard.gitguardian.com/workspace/112192/incidents/649537
2021-05-03 16:31:23+00:00	vmlHZHfw+GRFio/Hb3yuKkKpx1ffVVmse1UFggUBhXCNRjpaYC6DqsbO/0M9VSPr	Base64 Basic Authentication		https://github.com/InfosecRD/SecretBench	InfosecRD/SecretBench	https://github.com/InfosecRD/SecretBench/commit/7538083424579401ef3c98c266d833e039c24114	7538083424579401ef3c98c266d833e039c24114	Ryan Delaney	ryan.delaney@owasp.org	battery/passwords.txt	649537	https://dashboard.gitguardian.com/workspace/112192/incidents/649537
2021-05-03 16:31:23+00:00	vmlHZHfw+GRFio/Hb3yuKkKpx1ffVVmse1UFggUBhXCNRjpaYC6DqsbO/0M9VSPr	Base64 Basic Authentication		https://github.com/InfosecRD/SecretBench	InfosecRD/SecretBench	https://github.com/InfosecRD/SecretBench/commit/7538083424579401ef3c98c266d833e039c24114	7538083424579401ef3c98c266d833e039c24114	Ryan Delaney	ryan.delaney@owasp.org	battery/passwords.txt	649537	https://dashboard.gitguardian.com/workspace/112192/incidents/649537
